Year_Quarter,Type,Indicator,Rate Type,Rate,Unit,Significant
2016 Q1,3-month period,All Causes,Crude,898.6,"Deaths per 100,000",
2016 Q2,3-month period,All Causes,Crude,828.1,"Deaths per 100,000",
2016 Q3,3-month period,All Causes,Crude,804.3,"Deaths per 100,000",
2016 Q4,3-month period,All Causes,Crude,865.9,"Deaths per 100,000",
2017 Q1,3-month period,All Causes,Crude,937.0,"Deaths per 100,000",
2017 Q2,3-month period,All Causes,Crude,841.2,"Deaths per 100,000",
2017 Q3,3-month period,All Causes,Crude,810.6,"Deaths per 100,000",
2017 Q4,3-month period,All Causes,Crude,876.9,"Deaths per 100,000",*
2016 Q1,12 months ending with quarter,All Causes,Crude,837.5,"Deaths per 100,000",
2016 Q2,12 months ending with quarter,All Causes,Crude,839.3,"Deaths per 100,000",
2016 Q3,12 months ending with quarter,All Causes,Crude,842,"Deaths per 100,000",
2016 Q4,12 months ending with quarter,All Causes,Crude,849.3,"Deaths per 100,000",
2017 Q1,12 months ending with quarter,All Causes,Crude,858.1,"Deaths per 100,000",
2017 Q2,12 months ending with quarter,All Causes,Crude,861.5,"Deaths per 100,000",
2017 Q3,12 months ending with quarter,All Causes,Crude,863.3,"Deaths per 100,000",
2017 Q4,12 months ending with quarter,All Causes,Crude,866.2,"Deaths per 100,000",*
2016 Q1,3-month period,All Causes,Age-adjusted,772.8,"Deaths per 100,000",
2016 Q2,3-month period,All Causes,Age-adjusted,711.7,"Deaths per 100,000",
2016 Q3,3-month period,All Causes,Age-adjusted,689.9,"Deaths per 100,000",
2016 Q4,3-month period,All Causes,Age-adjusted,738.8,"Deaths per 100,000",
2017 Q1,3-month period,All Causes,Age-adjusted,795.8,"Deaths per 100,000",
2017 Q2,3-month period,All Causes,Age-adjusted,714.1,"Deaths per 100,000",
2017 Q3,3-month period,All Causes,Age-adjusted,686.1,"Deaths per 100,000",
2017 Q4,3-month period,All Causes,Age-adjusted,736.8,"Deaths per 100,000",*
2016 Q1,12 months ending with quarter,All Causes,Age-adjusted,724,"Deaths per 100,000",
2016 Q2,12 months ending with quarter,All Causes,Age-adjusted,723.6,"Deaths per 100,000",
2016 Q3,12 months ending with quarter,All Causes,Age-adjusted,724.4,"Deaths per 100,000",
2016 Q4,12 months ending with quarter,All Causes,Age-adjusted,728.8,"Deaths per 100,000",
2017 Q1,12 months ending with quarter,All Causes,Age-adjusted,733.1,"Deaths per 100,000",
2017 Q2,12 months ending with quarter,All Causes,Age-adjusted,734.3,"Deaths per 100,000",
2017 Q3,12 months ending with quarter,All Causes,Age-adjusted,733.5,"Deaths per 100,000",
2017 Q4,12 months ending with quarter,All Causes,Age-adjusted,733.6,"Deaths per 100,000",*
2016 Q1,3-month period,Alzheimer's disease,Crude,38,"Deaths per 100,000",
2016 Q2,3-month period,Alzheimer's disease,Crude,34.3,"Deaths per 100,000",
2016 Q3,3-month period,Alzheimer's disease,Crude,33.4,"Deaths per 100,000",
2016 Q4,3-month period,Alzheimer's disease,Crude,38.3,"Deaths per 100,000",
2017 Q1,3-month period,Alzheimer's disease,Crude,41.9,"Deaths per 100,000",
2017 Q2,3-month period,Alzheimer's disease,Crude,35.0,"Deaths per 100,000",
2017 Q3,3-month period,Alzheimer's disease,Crude,33.7,"Deaths per 100,000",
2017 Q4,3-month period,Alzheimer's disease,Crude,38.8,"Deaths per 100,000",
2016 Q1,12 months ending with quarter,Alzheimer's disease,Crude,34.2,"Deaths per 100,000",
2016 Q2,12 months ending with quarter,Alzheimer's disease,Crude,34.8,"Deaths per 100,000",
2016 Q3,12 months ending with quarter,Alzheimer's disease,Crude,35.3,"Deaths per 100,000",
2016 Q4,12 months ending with quarter,Alzheimer's disease,Crude,35.9,"Deaths per 100,000",
2017 Q1,12 months ending with quarter,Alzheimer's disease,Crude,36.9,"Deaths per 100,000",
2017 Q2,12 months ending with quarter,Alzheimer's disease,Crude,37.1,"Deaths per 100,000",
2017 Q3,12 months ending with quarter,Alzheimer's disease,Crude,37.2,"Deaths per 100,000",
2017 Q4,12 months ending with quarter,Alzheimer's disease,Crude,37.3,"Deaths per 100,000",*
2016 Q1,3-month period,Alzheimer's disease,Age-adjusted,32.1,"Deaths per 100,000",
2016 Q2,3-month period,Alzheimer's disease,Age-adjusted,28.9,"Deaths per 100,000",
2016 Q3,3-month period,Alzheimer's disease,Age-adjusted,28.1,"Deaths per 100,000",
2016 Q4,3-month period,Alzheimer's disease,Age-adjusted,32.1,"Deaths per 100,000",
2017 Q1,3-month period,Alzheimer's disease,Age-adjusted,35.0,"Deaths per 100,000",
2017 Q2,3-month period,Alzheimer's disease,Age-adjusted,29.2,"Deaths per 100,000",
2017 Q3,3-month period,Alzheimer's disease,Age-adjusted,28.0,"Deaths per 100,000",
2017 Q4,3-month period,Alzheimer's disease,Age-adjusted,32.0,"Deaths per 100,000",
2016 Q1,12 months ending with quarter,Alzheimer's disease,Age-adjusted,29,"Deaths per 100,000",
2016 Q2,12 months ending with quarter,Alzheimer's disease,Age-adjusted,29.5,"Deaths per 100,000",
2016 Q3,12 months ending with quarter,Alzheimer's disease,Age-adjusted,29.9,"Deaths per 100,000",
2016 Q4,12 months ending with quarter,Alzheimer's disease,Age-adjusted,30.3,"Deaths per 100,000",
2017 Q1,12 months ending with quarter,Alzheimer's disease,Age-adjusted,30.9,"Deaths per 100,000",
2017 Q2,12 months ending with quarter,Alzheimer's disease,Age-adjusted,31.1,"Deaths per 100,000",
2017 Q3,12 months ending with quarter,Alzheimer's disease,Age-adjusted,31.1,"Deaths per 100,000",
2017 Q4,12 months ending with quarter,Alzheimer's disease,Age-adjusted,31.1,"Deaths per 100,000",*
2016 Q1,3-month period,Cancer,Crude,189.3,"Deaths per 100,000",
2016 Q2,3-month period,Cancer,Crude,181.6,"Deaths per 100,000",
2016 Q3,3-month period,Cancer,Crude,183.4,"Deaths per 100,000",
2016 Q4,3-month period,Cancer,Crude,186,"Deaths per 100,000",
2017 Q1,3-month period,Cancer,Crude,187.0,"Deaths per 100,000",
2017 Q2,3-month period,Cancer,Crude,182.0,"Deaths per 100,000",
2017 Q3,3-month period,Cancer,Crude,182.7,"Deaths per 100,000",
2017 Q4,3-month period,Cancer,Crude,185.8,"Deaths per 100,000",
2016 Q1,12 months ending with quarter,Cancer,Crude,185.6,"Deaths per 100,000",
2016 Q2,12 months ending with quarter,Cancer,Crude,185.3,"Deaths per 100,000",
2016 Q3,12 months ending with quarter,Cancer,Crude,185,"Deaths per 100,000",
2016 Q4,12 months ending with quarter,Cancer,Crude,185.1,"Deaths per 100,000",
2017 Q1,12 months ending with quarter,Cancer,Crude,184.3,"Deaths per 100,000",
2017 Q2,12 months ending with quarter,Cancer,Crude,184.5,"Deaths per 100,000",
2017 Q3,12 months ending with quarter,Cancer,Crude,184.4,"Deaths per 100,000",
2017 Q4,12 months ending with quarter,Cancer,Crude,184.4,"Deaths per 100,000",*
2016 Q1,3-month period,Cancer,Age-adjusted,160.1,"Deaths per 100,000",
2016 Q2,3-month period,Cancer,Age-adjusted,153.1,"Deaths per 100,000",
2016 Q3,3-month period,Cancer,Age-adjusted,153.9,"Deaths per 100,000",
2016 Q4,3-month period,Cancer,Age-adjusted,155.6,"Deaths per 100,000",
2017 Q1,3-month period,Cancer,Age-adjusted,155.9,"Deaths per 100,000",
2017 Q2,3-month period,Cancer,Age-adjusted,151.2,"Deaths per 100,000",
2017 Q3,3-month period,Cancer,Age-adjusted,150.9,"Deaths per 100,000",
2017 Q4,3-month period,Cancer,Age-adjusted,152.8,"Deaths per 100,000",*
2016 Q1,12 months ending with quarter,Cancer,Age-adjusted,157.9,"Deaths per 100,000",
2016 Q2,12 months ending with quarter,Cancer,Age-adjusted,157,"Deaths per 100,000",
2016 Q3,12 months ending with quarter,Cancer,Age-adjusted,156.2,"Deaths per 100,000",
2016 Q4,12 months ending with quarter,Cancer,Age-adjusted,155.8,"Deaths per 100,000",
2017 Q1,12 months ending with quarter,Cancer,Age-adjusted,154.4,"Deaths per 100,000",
2017 Q2,12 months ending with quarter,Cancer,Age-adjusted,154.0,"Deaths per 100,000",
2017 Q3,12 months ending with quarter,Cancer,Age-adjusted,153.4,"Deaths per 100,000",
2017 Q4,12 months ending with quarter,Cancer,Age-adjusted,152.8,"Deaths per 100,000",*
2016 Q1,3-month period,Chronic liver disease and cirrhosis,Crude,13.1,"Deaths per 100,000",
2016 Q2,3-month period,Chronic liver disease and cirrhosis,Crude,12.3,"Deaths per 100,000",
2016 Q3,3-month period,Chronic liver disease and cirrhosis,Crude,12.1,"Deaths per 100,000",
2016 Q4,3-month period,Chronic liver disease and cirrhosis,Crude,12.7,"Deaths per 100,000",
2017 Q1,3-month period,Chronic liver disease and cirrhosis,Crude,13.2,"Deaths per 100,000",
2017 Q2,3-month period,Chronic liver disease and cirrhosis,Crude,12.4,"Deaths per 100,000",
2017 Q3,3-month period,Chronic liver disease and cirrhosis,Crude,12.4,"Deaths per 100,000",
2017 Q4,3-month period,Chronic liver disease and cirrhosis,Crude,13.3,"Deaths per 100,000",*
2016 Q1,12 months ending with quarter,Chronic liver disease and cirrhosis,Crude,12.6,"Deaths per 100,000",
2016 Q2,12 months ending with quarter,Chronic liver disease and cirrhosis,Crude,12.5,"Deaths per 100,000",
2016 Q3,12 months ending with quarter,Chronic liver disease and cirrhosis,Crude,12.6,"Deaths per 100,000",
2016 Q4,12 months ending with quarter,Chronic liver disease and cirrhosis,Crude,12.5,"Deaths per 100,000",
2017 Q1,12 months ending with quarter,Chronic liver disease and cirrhosis,Crude,12.6,"Deaths per 100,000",
2017 Q2,12 months ending with quarter,Chronic liver disease and cirrhosis,Crude,12.6,"Deaths per 100,000",
2017 Q3,12 months ending with quarter,Chronic liver disease and cirrhosis,Crude,12.7,"Deaths per 100,000",
2017 Q4,12 months ending with quarter,Chronic liver disease and cirrhosis,Crude,12.8,"Deaths per 100,000",*
2016 Q1,3-month period,Chronic liver disease and cirrhosis,Age-adjusted,11.2,"Deaths per 100,000",
2016 Q2,3-month period,Chronic liver disease and cirrhosis,Age-adjusted,10.5,"Deaths per 100,000",
2016 Q3,3-month period,Chronic liver disease and cirrhosis,Age-adjusted,10.4,"Deaths per 100,000",
2016 Q4,3-month period,Chronic liver disease and cirrhosis,Age-adjusted,10.9,"Deaths per 100,000",
2017 Q1,3-month period,Chronic liver disease and cirrhosis,Age-adjusted,11.2,"Deaths per 100,000",
2017 Q2,3-month period,Chronic liver disease and cirrhosis,Age-adjusted,10.6,"Deaths per 100,000",
2017 Q3,3-month period,Chronic liver disease and cirrhosis,Age-adjusted,10.5,"Deaths per 100,000",
2017 Q4,3-month period,Chronic liver disease and cirrhosis,Age-adjusted,11.2,"Deaths per 100,000",
2016 Q1,12 months ending with quarter,Chronic liver disease and cirrhosis,Age-adjusted,10.8,"Deaths per 100,000",
2016 Q2,12 months ending with quarter,Chronic liver disease and cirrhosis,Age-adjusted,10.8,"Deaths per 100,000",
2016 Q3,12 months ending with quarter,Chronic liver disease and cirrhosis,Age-adjusted,10.8,"Deaths per 100,000",
2016 Q4,12 months ending with quarter,Chronic liver disease and cirrhosis,Age-adjusted,10.7,"Deaths per 100,000",
2017 Q1,12 months ending with quarter,Chronic liver disease and cirrhosis,Age-adjusted,10.7,"Deaths per 100,000",
2017 Q2,12 months ending with quarter,Chronic liver disease and cirrhosis,Age-adjusted,10.8,"Deaths per 100,000",
2017 Q3,12 months ending with quarter,Chronic liver disease and cirrhosis,Age-adjusted,10.8,"Deaths per 100,000",
2017 Q4,12 months ending with quarter,Chronic liver disease and cirrhosis,Age-adjusted,10.9,"Deaths per 100,000",
2016 Q1,3-month period,Chronic lower respiratory diseases,Crude,54.6,"Deaths per 100,000",
2016 Q2,3-month period,Chronic lower respiratory diseases,Crude,47.5,"Deaths per 100,000",
2016 Q3,3-month period,Chronic lower respiratory diseases,Crude,42.1,"Deaths per 100,000",
2016 Q4,3-month period,Chronic lower respiratory diseases,Crude,47.2,"Deaths per 100,000",
2017 Q1,3-month period,Chronic lower respiratory diseases,Crude,59.2,"Deaths per 100,000",
2017 Q2,3-month period,Chronic lower respiratory diseases,Crude,48.7,"Deaths per 100,000",
2017 Q3,3-month period,Chronic lower respiratory diseases,Crude,41.5,"Deaths per 100,000",
2017 Q4,3-month period,Chronic lower respiratory diseases,Crude,47.7,"Deaths per 100,000",
2016 Q1,12 months ending with quarter,Chronic lower respiratory diseases,Crude,47.4,"Deaths per 100,000",
2016 Q2,12 months ending with quarter,Chronic lower respiratory diseases,Crude,47,"Deaths per 100,000",
2016 Q3,12 months ending with quarter,Chronic lower respiratory diseases,Crude,47.4,"Deaths per 100,000",
2016 Q4,12 months ending with quarter,Chronic lower respiratory diseases,Crude,47.8,"Deaths per 100,000",
2017 Q1,12 months ending with quarter,Chronic lower respiratory diseases,Crude,48.9,"Deaths per 100,000",
2017 Q2,12 months ending with quarter,Chronic lower respiratory diseases,Crude,49.2,"Deaths per 100,000",
2017 Q3,12 months ending with quarter,Chronic lower respiratory diseases,Crude,49.1,"Deaths per 100,000",
2017 Q4,12 months ending with quarter,Chronic lower respiratory diseases,Crude,49.2,"Deaths per 100,000",*
2016 Q1,3-month period,Chronic lower respiratory diseases,Age-adjusted,46.5,"Deaths per 100,000",
2016 Q2,3-month period,Chronic lower respiratory diseases,Age-adjusted,40.3,"Deaths per 100,000",
2016 Q3,3-month period,Chronic lower respiratory diseases,Age-adjusted,35.6,"Deaths per 100,000",
2016 Q4,3-month period,Chronic lower respiratory diseases,Age-adjusted,39.8,"Deaths per 100,000",
2017 Q1,3-month period,Chronic lower respiratory diseases,Age-adjusted,49.5,"Deaths per 100,000",
2017 Q2,3-month period,Chronic lower respiratory diseases,Age-adjusted,40.6,"Deaths per 100,000",
2017 Q3,3-month period,Chronic lower respiratory diseases,Age-adjusted,34.5,"Deaths per 100,000",
2017 Q4,3-month period,Chronic lower respiratory diseases,Age-adjusted,39.4,"Deaths per 100,000",
2016 Q1,12 months ending with quarter,Chronic lower respiratory diseases,Age-adjusted,40.6,"Deaths per 100,000",
2016 Q2,12 months ending with quarter,Chronic lower respiratory diseases,Age-adjusted,40.1,"Deaths per 100,000",
2016 Q3,12 months ending with quarter,Chronic lower respiratory diseases,Age-adjusted,40.3,"Deaths per 100,000",
2016 Q4,12 months ending with quarter,Chronic lower respiratory diseases,Age-adjusted,40.6,"Deaths per 100,000",
2017 Q1,12 months ending with quarter,Chronic lower respiratory diseases,Age-adjusted,41.2,"Deaths per 100,000",
2017 Q2,12 months ending with quarter,Chronic lower respiratory diseases,Age-adjusted,41.3,"Deaths per 100,000",
2017 Q3,12 months ending with quarter,Chronic lower respiratory diseases,Age-adjusted,41.0,"Deaths per 100,000",
2017 Q4,12 months ending with quarter,Chronic lower respiratory diseases,Age-adjusted,40.9,"Deaths per 100,000",*
2016 Q1,3-month period,Diabetes,Crude,26.6,"Deaths per 100,000",
2016 Q2,3-month period,Diabetes,Crude,23.9,"Deaths per 100,000",
2016 Q3,3-month period,Diabetes,Crude,23,"Deaths per 100,000",
2016 Q4,3-month period,Diabetes,Crude,25.6,"Deaths per 100,000",
2017 Q1,3-month period,Diabetes,Crude,28.2,"Deaths per 100,000",
2017 Q2,3-month period,Diabetes,Crude,24.4,"Deaths per 100,000",
2017 Q3,3-month period,Diabetes,Crude,23.6,"Deaths per 100,000",
2017 Q4,3-month period,Diabetes,Crude,26.5,"Deaths per 100,000",*
2016 Q1,12 months ending with quarter,Diabetes,Crude,24.5,"Deaths per 100,000",
2016 Q2,12 months ending with quarter,Diabetes,Crude,24.5,"Deaths per 100,000",
2016 Q3,12 months ending with quarter,Diabetes,Crude,24.6,"Deaths per 100,000",
2016 Q4,12 months ending with quarter,Diabetes,Crude,24.8,"Deaths per 100,000",
2017 Q1,12 months ending with quarter,Diabetes,Crude,25.1,"Deaths per 100,000",
2017 Q2,12 months ending with quarter,Diabetes,Crude,25.2,"Deaths per 100,000",
2017 Q3,12 months ending with quarter,Diabetes,Crude,25.4,"Deaths per 100,000",
2017 Q4,12 months ending with quarter,Diabetes,Crude,25.7,"Deaths per 100,000",*
2016 Q1,3-month period,Diabetes,Age-adjusted,22.7,"Deaths per 100,000",
2016 Q2,3-month period,Diabetes,Age-adjusted,20.3,"Deaths per 100,000",
2016 Q3,3-month period,Diabetes,Age-adjusted,19.4,"Deaths per 100,000",
2016 Q4,3-month period,Diabetes,Age-adjusted,21.6,"Deaths per 100,000",
2017 Q1,3-month period,Diabetes,Age-adjusted,23.6,"Deaths per 100,000",
2017 Q2,3-month period,Diabetes,Age-adjusted,20.4,"Deaths per 100,000",
2017 Q3,3-month period,Diabetes,Age-adjusted,19.8,"Deaths per 100,000",
2017 Q4,3-month period,Diabetes,Age-adjusted,22.0,"Deaths per 100,000",
2016 Q1,12 months ending with quarter,Diabetes,Age-adjusted,21,"Deaths per 100,000",
2016 Q2,12 months ending with quarter,Diabetes,Age-adjusted,20.9,"Deaths per 100,000",
2016 Q3,12 months ending with quarter,Diabetes,Age-adjusted,20.9,"Deaths per 100,000",
2016 Q4,12 months ending with quarter,Diabetes,Age-adjusted,21,"Deaths per 100,000",
2017 Q1,12 months ending with quarter,Diabetes,Age-adjusted,21.2,"Deaths per 100,000",
2017 Q2,12 months ending with quarter,Diabetes,Age-adjusted,21.2,"Deaths per 100,000",
2017 Q3,12 months ending with quarter,Diabetes,Age-adjusted,21.3,"Deaths per 100,000",
2017 Q4,12 months ending with quarter,Diabetes,Age-adjusted,21.5,"Deaths per 100,000",*
2016 Q1,3-month period,Drug overdose,Crude,18.9,"Deaths per 100,000",
2016 Q2,3-month period,Drug overdose,Crude,19.4,"Deaths per 100,000",
2016 Q3,3-month period,Drug overdose,Crude,20,"Deaths per 100,000",
2016 Q4,3-month period,Drug overdose,Crude,20.7,"Deaths per 100,000",
2017 Q1,3-month period,Drug overdose,Crude,22.0,"Deaths per 100,000",
2017 Q2,3-month period,Drug overdose,Crude,21.3,"Deaths per 100,000",*
2017 Q3,3-month period,Drug overdose,Crude,,"Deaths per 100,000",
2017 Q4,3-month period,Drug overdose,Crude,,"Deaths per 100,000",
2016 Q1,12 months ending with quarter,Drug overdose,Crude,17,"Deaths per 100,000",
2016 Q2,12 months ending with quarter,Drug overdose,Crude,17.8,"Deaths per 100,000",
2016 Q3,12 months ending with quarter,Drug overdose,Crude,18.6,"Deaths per 100,000",
2016 Q4,12 months ending with quarter,Drug overdose,Crude,19.7,"Deaths per 100,000",
2017 Q1,12 months ending with quarter,Drug overdose,Crude,20.6,"Deaths per 100,000",
2017 Q2,12 months ending with quarter,Drug overdose,Crude,21.0,"Deaths per 100,000",*
2017 Q3,12 months ending with quarter,Drug overdose,Crude,,"Deaths per 100,000",
2017 Q4,12 months ending with quarter,Drug overdose,Crude,,"Deaths per 100,000",
2016 Q1,3-month period,Drug overdose,Age-adjusted,19,"Deaths per 100,000",
2016 Q2,3-month period,Drug overdose,Age-adjusted,19.4,"Deaths per 100,000",
2016 Q3,3-month period,Drug overdose,Age-adjusted,20.2,"Deaths per 100,000",
2016 Q4,3-month period,Drug overdose,Age-adjusted,20.8,"Deaths per 100,000",
2017 Q1,3-month period,Drug overdose,Age-adjusted,22.3,"Deaths per 100,000",
2017 Q2,3-month period,Drug overdose,Age-adjusted,21.4,"Deaths per 100,000",*
2017 Q3,3-month period,Drug overdose,Age-adjusted,,"Deaths per 100,000",
2017 Q4,3-month period,Drug overdose,Age-adjusted,,"Deaths per 100,000",
2016 Q1,12 months ending with quarter,Drug overdose,Age-adjusted,17,"Deaths per 100,000",
2016 Q2,12 months ending with quarter,Drug overdose,Age-adjusted,17.8,"Deaths per 100,000",
2016 Q3,12 months ending with quarter,Drug overdose,Age-adjusted,18.7,"Deaths per 100,000",
2016 Q4,12 months ending with quarter,Drug overdose,Age-adjusted,19.8,"Deaths per 100,000",
2017 Q1,12 months ending with quarter,Drug overdose,Age-adjusted,20.8,"Deaths per 100,000",
2017 Q2,12 months ending with quarter,Drug overdose,Age-adjusted,21.2,"Deaths per 100,000",*
2017 Q3,12 months ending with quarter,Drug overdose,Age-adjusted,,"Deaths per 100,000",
2017 Q4,12 months ending with quarter,Drug overdose,Age-adjusted,,"Deaths per 100,000",
2016 Q1,3-month period,"Falls, ages 65 and over",Crude,62.8,"Deaths per 100,000",
2016 Q2,3-month period,"Falls, ages 65 and over",Crude,57.8,"Deaths per 100,000",
2016 Q3,3-month period,"Falls, ages 65 and over",Crude,58.7,"Deaths per 100,000",
2016 Q4,3-month period,"Falls, ages 65 and over",Crude,61.6,"Deaths per 100,000",
2017 Q1,3-month period,"Falls, ages 65 and over",Crude,64.4,"Deaths per 100,000",
2017 Q2,3-month period,"Falls, ages 65 and over",Crude,59.5,"Deaths per 100,000",
2017 Q3,3-month period,"Falls, ages 65 and over",Crude,57.7,"Deaths per 100,000",
2017 Q4,3-month period,"Falls, ages 65 and over",Crude,,"Deaths per 100,000",
2016 Q1,12 months ending with quarter,"Falls, ages 65 and over",Crude,59.7,"Deaths per 100,000",
2016 Q2,12 months ending with quarter,"Falls, ages 65 and over",Crude,59.7,"Deaths per 100,000",
2016 Q3,12 months ending with quarter,"Falls, ages 65 and over",Crude,60.3,"Deaths per 100,000",
2016 Q4,12 months ending with quarter,"Falls, ages 65 and over",Crude,60.2,"Deaths per 100,000",
2017 Q1,12 months ending with quarter,"Falls, ages 65 and over",Crude,60.5,"Deaths per 100,000",
2017 Q2,12 months ending with quarter,"Falls, ages 65 and over",Crude,61.0,"Deaths per 100,000",
2017 Q3,12 months ending with quarter,"Falls, ages 65 and over",Crude,60.8,"Deaths per 100,000",
2017 Q4,12 months ending with quarter,"Falls, ages 65 and over",Crude,,"Deaths per 100,000",
2016 Q1,3-month period,"Falls, ages 65 and over",Age-adjusted,64,"Deaths per 100,000",
2016 Q2,3-month period,"Falls, ages 65 and over",Age-adjusted,59,"Deaths per 100,000",
2016 Q3,3-month period,"Falls, ages 65 and over",Age-adjusted,59.9,"Deaths per 100,000",
2016 Q4,3-month period,"Falls, ages 65 and over",Age-adjusted,63.2,"Deaths per 100,000",
2017 Q1,3-month period,"Falls, ages 65 and over",Age-adjusted,66.3,"Deaths per 100,000",
2017 Q2,3-month period,"Falls, ages 65 and over",Age-adjusted,61.2,"Deaths per 100,000",
2017 Q3,3-month period,"Falls, ages 65 and over",Age-adjusted,59.4,"Deaths per 100,000",
2017 Q4,3-month period,"Falls, ages 65 and over",Age-adjusted,,"Deaths per 100,000",
2016 Q1,12 months ending with quarter,"Falls, ages 65 and over",Age-adjusted,60.6,"Deaths per 100,000",
2016 Q2,12 months ending with quarter,"Falls, ages 65 and over",Age-adjusted,60.8,"Deaths per 100,000",
2016 Q3,12 months ending with quarter,"Falls, ages 65 and over",Age-adjusted,61.5,"Deaths per 100,000",
2016 Q4,12 months ending with quarter,"Falls, ages 65 and over",Age-adjusted,61.6,"Deaths per 100,000",
2017 Q1,12 months ending with quarter,"Falls, ages 65 and over",Age-adjusted,62.0,"Deaths per 100,000",
2017 Q2,12 months ending with quarter,"Falls, ages 65 and over",Age-adjusted,62.7,"Deaths per 100,000",
2017 Q3,12 months ending with quarter,"Falls, ages 65 and over",Age-adjusted,62.6,"Deaths per 100,000",
2017 Q4,12 months ending with quarter,"Falls, ages 65 and over",Age-adjusted,,"Deaths per 100,000",
2016 Q1,3-month period,Firearm-related injury,Crude,11.3,"Deaths per 100,000",
2016 Q2,3-month period,Firearm-related injury,Crude,12,"Deaths per 100,000",
2016 Q3,3-month period,Firearm-related injury,Crude,12.6,"Deaths per 100,000",
2016 Q4,3-month period,Firearm-related injury,Crude,11.9,"Deaths per 100,000",
2017 Q1,3-month period,Firearm-related injury,Crude,11.7,"Deaths per 100,000",
2017 Q2,3-month period,Firearm-related injury,Crude,12.5,"Deaths per 100,000",
2017 Q3,3-month period,Firearm-related injury,Crude,12.3,"Deaths per 100,000",
2017 Q4,3-month period,Firearm-related injury,Crude,,"Deaths per 100,000",
2016 Q1,12 months ending with quarter,Firearm-related injury,Crude,11.4,"Deaths per 100,000",
2016 Q2,12 months ending with quarter,Firearm-related injury,Crude,11.6,"Deaths per 100,000",
2016 Q3,12 months ending with quarter,Firearm-related injury,Crude,11.8,"Deaths per 100,000",
2016 Q4,12 months ending with quarter,Firearm-related injury,Crude,12,"Deaths per 100,000",
2017 Q1,12 months ending with quarter,Firearm-related injury,Crude,12.1,"Deaths per 100,000",
2017 Q2,12 months ending with quarter,Firearm-related injury,Crude,12.2,"Deaths per 100,000",
2017 Q3,12 months ending with quarter,Firearm-related injury,Crude,12.1,"Deaths per 100,000",*
2017 Q4,12 months ending with quarter,Firearm-related injury,Crude,,"Deaths per 100,000",
2016 Q1,3-month period,Firearm-related injury,Age-adjusted,11.1,"Deaths per 100,000",
2016 Q2,3-month period,Firearm-related injury,Age-adjusted,11.8,"Deaths per 100,000",
2016 Q3,3-month period,Firearm-related injury,Age-adjusted,12.4,"Deaths per 100,000",
2016 Q4,3-month period,Firearm-related injury,Age-adjusted,11.7,"Deaths per 100,000",
2017 Q1,3-month period,Firearm-related injury,Age-adjusted,11.6,"Deaths per 100,000",
2017 Q2,3-month period,Firearm-related injury,Age-adjusted,12.3,"Deaths per 100,000",
2017 Q3,3-month period,Firearm-related injury,Age-adjusted,12.1,"Deaths per 100,000",
2017 Q4,3-month period,Firearm-related injury,Age-adjusted,,"Deaths per 100,000",
2016 Q1,12 months ending with quarter,Firearm-related injury,Age-adjusted,11.2,"Deaths per 100,000",
2016 Q2,12 months ending with quarter,Firearm-related injury,Age-adjusted,11.4,"Deaths per 100,000",
2016 Q3,12 months ending with quarter,Firearm-related injury,Age-adjusted,11.6,"Deaths per 100,000",
2016 Q4,12 months ending with quarter,Firearm-related injury,Age-adjusted,11.8,"Deaths per 100,000",
2017 Q1,12 months ending with quarter,Firearm-related injury,Age-adjusted,11.9,"Deaths per 100,000",
2017 Q2,12 months ending with quarter,Firearm-related injury,Age-adjusted,12.0,"Deaths per 100,000",
2017 Q3,12 months ending with quarter,Firearm-related injury,Age-adjusted,11.9,"Deaths per 100,000",*
2017 Q4,12 months ending with quarter,Firearm-related injury,Age-adjusted,,"Deaths per 100,000",
2016 Q1,3-month period,Heart disease,Crude,212,"Deaths per 100,000",
2016 Q2,3-month period,Heart disease,Crude,192,"Deaths per 100,000",
2016 Q3,3-month period,Heart disease,Crude,181.7,"Deaths per 100,000",
2016 Q4,3-month period,Heart disease,Crude,200.9,"Deaths per 100,000",
2017 Q1,3-month period,Heart disease,Crude,218.9,"Deaths per 100,000",
2017 Q2,3-month period,Heart disease,Crude,192.7,"Deaths per 100,000",
2017 Q3,3-month period,Heart disease,Crude,182.5,"Deaths per 100,000",
2017 Q4,3-month period,Heart disease,Crude,201.7,"Deaths per 100,000",
2016 Q1,12 months ending with quarter,Heart disease,Crude,195.2,"Deaths per 100,000",
2016 Q2,12 months ending with quarter,Heart disease,Crude,195.3,"Deaths per 100,000",
2016 Q3,12 months ending with quarter,Heart disease,Crude,195.2,"Deaths per 100,000",
2016 Q4,12 months ending with quarter,Heart disease,Crude,196.6,"Deaths per 100,000",
2017 Q1,12 months ending with quarter,Heart disease,Crude,198.2,"Deaths per 100,000",
2017 Q2,12 months ending with quarter,Heart disease,Crude,198.4,"Deaths per 100,000",
2017 Q3,12 months ending with quarter,Heart disease,Crude,198.7,"Deaths per 100,000",
2017 Q4,12 months ending with quarter,Heart disease,Crude,198.9,"Deaths per 100,000",*
2016 Q1,3-month period,Heart disease,Age-adjusted,179.2,"Deaths per 100,000",
2016 Q2,3-month period,Heart disease,Age-adjusted,161.9,"Deaths per 100,000",
2016 Q3,3-month period,Heart disease,Age-adjusted,152.7,"Deaths per 100,000",
2016 Q4,3-month period,Heart disease,Age-adjusted,168.1,"Deaths per 100,000",
2017 Q1,3-month period,Heart disease,Age-adjusted,182.4,"Deaths per 100,000",
2017 Q2,3-month period,Heart disease,Age-adjusted,160.3,"Deaths per 100,000",
2017 Q3,3-month period,Heart disease,Age-adjusted,151.1,"Deaths per 100,000",
2017 Q4,3-month period,Heart disease,Age-adjusted,166.0,"Deaths per 100,000",*
2016 Q1,12 months ending with quarter,Heart disease,Age-adjusted,165.8,"Deaths per 100,000",
2016 Q2,12 months ending with quarter,Heart disease,Age-adjusted,165.3,"Deaths per 100,000",
2016 Q3,12 months ending with quarter,Heart disease,Age-adjusted,164.8,"Deaths per 100,000",
2016 Q4,12 months ending with quarter,Heart disease,Age-adjusted,165.5,"Deaths per 100,000",
2017 Q1,12 months ending with quarter,Heart disease,Age-adjusted,166.0,"Deaths per 100,000",
2017 Q2,12 months ending with quarter,Heart disease,Age-adjusted,165.8,"Deaths per 100,000",
2017 Q3,12 months ending with quarter,Heart disease,Age-adjusted,165.4,"Deaths per 100,000",
2017 Q4,12 months ending with quarter,Heart disease,Age-adjusted,165.0,"Deaths per 100,000",*
2016 Q1,3-month period,HIV disease,Crude,2.1,"Deaths per 100,000",
2016 Q2,3-month period,HIV disease,Crude,1.9,"Deaths per 100,000",
2016 Q3,3-month period,HIV disease,Crude,1.8,"Deaths per 100,000",
2016 Q4,3-month period,HIV disease,Crude,1.8,"Deaths per 100,000",
2017 Q1,3-month period,HIV disease,Crude,1.9,"Deaths per 100,000",
2017 Q2,3-month period,HIV disease,Crude,1.7,"Deaths per 100,000",
2017 Q3,3-month period,HIV disease,Crude,1.7,"Deaths per 100,000",
2017 Q4,3-month period,HIV disease,Crude,1.7,"Deaths per 100,000",
2016 Q1,12 months ending with quarter,HIV disease,Crude,2,"Deaths per 100,000",
2016 Q2,12 months ending with quarter,HIV disease,Crude,2,"Deaths per 100,000",
2016 Q3,12 months ending with quarter,HIV disease,Crude,1.9,"Deaths per 100,000",
2016 Q4,12 months ending with quarter,HIV disease,Crude,1.9,"Deaths per 100,000",
2017 Q1,12 months ending with quarter,HIV disease,Crude,1.8,"Deaths per 100,000",
2017 Q2,12 months ending with quarter,HIV disease,Crude,1.8,"Deaths per 100,000",
2017 Q3,12 months ending with quarter,HIV disease,Crude,1.8,"Deaths per 100,000",
2017 Q4,12 months ending with quarter,HIV disease,Crude,1.8,"Deaths per 100,000",*
2016 Q1,3-month period,HIV disease,Age-adjusted,1.9,"Deaths per 100,000",
2016 Q2,3-month period,HIV disease,Age-adjusted,1.7,"Deaths per 100,000",
2016 Q3,3-month period,HIV disease,Age-adjusted,1.7,"Deaths per 100,000",
2016 Q4,3-month period,HIV disease,Age-adjusted,1.7,"Deaths per 100,000",
2017 Q1,3-month period,HIV disease,Age-adjusted,1.7,"Deaths per 100,000",
2017 Q2,3-month period,HIV disease,Age-adjusted,1.6,"Deaths per 100,000",
2017 Q3,3-month period,HIV disease,Age-adjusted,1.6,"Deaths per 100,000",
2017 Q4,3-month period,HIV disease,Age-adjusted,1.6,"Deaths per 100,000",
2016 Q1,12 months ending with quarter,HIV disease,Age-adjusted,1.8,"Deaths per 100,000",
2016 Q2,12 months ending with quarter,HIV disease,Age-adjusted,1.8,"Deaths per 100,000",
2016 Q3,12 months ending with quarter,HIV disease,Age-adjusted,1.8,"Deaths per 100,000",
2016 Q4,12 months ending with quarter,HIV disease,Age-adjusted,1.8,"Deaths per 100,000",
2017 Q1,12 months ending with quarter,HIV disease,Age-adjusted,1.7,"Deaths per 100,000",
2017 Q2,12 months ending with quarter,HIV disease,Age-adjusted,1.7,"Deaths per 100,000",
2017 Q3,12 months ending with quarter,HIV disease,Age-adjusted,1.6,"Deaths per 100,000",
2017 Q4,12 months ending with quarter,HIV disease,Age-adjusted,1.6,"Deaths per 100,000",*
2016 Q1,3-month period,Homicide,Crude,5.3,"Deaths per 100,000",
2016 Q2,3-month period,Homicide,Crude,6,"Deaths per 100,000",
2016 Q3,3-month period,Homicide,Crude,6.5,"Deaths per 100,000",
2016 Q4,3-month period,Homicide,Crude,6.2,"Deaths per 100,000",
2017 Q1,3-month period,Homicide,Crude,5.8,"Deaths per 100,000",
2017 Q2,3-month period,Homicide,Crude,6.0,"Deaths per 100,000",
2017 Q3,3-month period,Homicide,Crude,6.1,"Deaths per 100,000",*
2017 Q4,3-month period,Homicide,Crude,,"Deaths per 100,000",
2016 Q1,12 months ending with quarter,Homicide,Crude,5.6,"Deaths per 100,000",
2016 Q2,12 months ending with quarter,Homicide,Crude,5.8,"Deaths per 100,000",
2016 Q3,12 months ending with quarter,Homicide,Crude,5.9,"Deaths per 100,000",
2016 Q4,12 months ending with quarter,Homicide,Crude,6,"Deaths per 100,000",
2017 Q1,12 months ending with quarter,Homicide,Crude,6.1,"Deaths per 100,000",
2017 Q2,12 months ending with quarter,Homicide,Crude,6.1,"Deaths per 100,000",
2017 Q3,12 months ending with quarter,Homicide,Crude,6.0,"Deaths per 100,000",
2017 Q4,12 months ending with quarter,Homicide,Crude,,"Deaths per 100,000",
2016 Q1,3-month period,Homicide,Age-adjusted,5.5,"Deaths per 100,000",
2016 Q2,3-month period,Homicide,Age-adjusted,6.2,"Deaths per 100,000",
2016 Q3,3-month period,Homicide,Age-adjusted,6.7,"Deaths per 100,000",
2016 Q4,3-month period,Homicide,Age-adjusted,6.4,"Deaths per 100,000",
2017 Q1,3-month period,Homicide,Age-adjusted,5.9,"Deaths per 100,000",
2017 Q2,3-month period,Homicide,Age-adjusted,6.2,"Deaths per 100,000",
2017 Q3,3-month period,Homicide,Age-adjusted,6.3,"Deaths per 100,000",*
2017 Q4,3-month period,Homicide,Age-adjusted,,"Deaths per 100,000",
2016 Q1,12 months ending with quarter,Homicide,Age-adjusted,5.8,"Deaths per 100,000",
2016 Q2,12 months ending with quarter,Homicide,Age-adjusted,5.9,"Deaths per 100,000",
2016 Q3,12 months ending with quarter,Homicide,Age-adjusted,6,"Deaths per 100,000",
2016 Q4,12 months ending with quarter,Homicide,Age-adjusted,6.2,"Deaths per 100,000",
2017 Q1,12 months ending with quarter,Homicide,Age-adjusted,6.3,"Deaths per 100,000",
2017 Q2,12 months ending with quarter,Homicide,Age-adjusted,6.3,"Deaths per 100,000",
2017 Q3,12 months ending with quarter,Homicide,Age-adjusted,6.2,"Deaths per 100,000",
2017 Q4,12 months ending with quarter,Homicide,Age-adjusted,,"Deaths per 100,000",
2016 Q1,3-month period,Hypertension,Crude,10.8,"Deaths per 100,000",
2016 Q2,3-month period,Hypertension,Crude,9.9,"Deaths per 100,000",
2016 Q3,3-month period,Hypertension,Crude,9.7,"Deaths per 100,000",
2016 Q4,3-month period,Hypertension,Crude,10.7,"Deaths per 100,000",
2017 Q1,3-month period,Hypertension,Crude,11.9,"Deaths per 100,000",
2017 Q2,3-month period,Hypertension,Crude,10.4,"Deaths per 100,000",
2017 Q3,3-month period,Hypertension,Crude,9.8,"Deaths per 100,000",
2017 Q4,3-month period,Hypertension,Crude,11.3,"Deaths per 100,000",*
2016 Q1,12 months ending with quarter,Hypertension,Crude,9.9,"Deaths per 100,000",
2016 Q2,12 months ending with quarter,Hypertension,Crude,10,"Deaths per 100,000",
2016 Q3,12 months ending with quarter,Hypertension,Crude,10.1,"Deaths per 100,000",
2016 Q4,12 months ending with quarter,Hypertension,Crude,10.3,"Deaths per 100,000",
2017 Q1,12 months ending with quarter,Hypertension,Crude,10.5,"Deaths per 100,000",
2017 Q2,12 months ending with quarter,Hypertension,Crude,10.7,"Deaths per 100,000",
2017 Q3,12 months ending with quarter,Hypertension,Crude,10.7,"Deaths per 100,000",
2017 Q4,12 months ending with quarter,Hypertension,Crude,10.9,"Deaths per 100,000",*
2016 Q1,3-month period,Hypertension,Age-adjusted,9.1,"Deaths per 100,000",
2016 Q2,3-month period,Hypertension,Age-adjusted,8.3,"Deaths per 100,000",
2016 Q3,3-month period,Hypertension,Age-adjusted,8.2,"Deaths per 100,000",
2016 Q4,3-month period,Hypertension,Age-adjusted,9,"Deaths per 100,000",
2017 Q1,3-month period,Hypertension,Age-adjusted,9.9,"Deaths per 100,000",
2017 Q2,3-month period,Hypertension,Age-adjusted,8.6,"Deaths per 100,000",
2017 Q3,3-month period,Hypertension,Age-adjusted,8.1,"Deaths per 100,000",
2017 Q4,3-month period,Hypertension,Age-adjusted,9.3,"Deaths per 100,000",*
2016 Q1,12 months ending with quarter,Hypertension,Age-adjusted,8.4,"Deaths per 100,000",
2016 Q2,12 months ending with quarter,Hypertension,Age-adjusted,8.4,"Deaths per 100,000",
2016 Q3,12 months ending with quarter,Hypertension,Age-adjusted,8.5,"Deaths per 100,000",
2016 Q4,12 months ending with quarter,Hypertension,Age-adjusted,8.6,"Deaths per 100,000",
2017 Q1,12 months ending with quarter,Hypertension,Age-adjusted,8.8,"Deaths per 100,000",
2017 Q2,12 months ending with quarter,Hypertension,Age-adjusted,8.9,"Deaths per 100,000",
2017 Q3,12 months ending with quarter,Hypertension,Age-adjusted,8.9,"Deaths per 100,000",
2017 Q4,12 months ending with quarter,Hypertension,Age-adjusted,9.0,"Deaths per 100,000",*
2016 Q1,3-month period,Influenza and pneumonia,Crude,20.8,"Deaths per 100,000",
2016 Q2,3-month period,Influenza and pneumonia,Crude,15.6,"Deaths per 100,000",
2016 Q3,3-month period,Influenza and pneumonia,Crude,12.3,"Deaths per 100,000",
2016 Q4,3-month period,Influenza and pneumonia,Crude,15.2,"Deaths per 100,000",
2017 Q1,3-month period,Influenza and pneumonia,Crude,25.1,"Deaths per 100,000",
2017 Q2,3-month period,Influenza and pneumonia,Crude,15.0,"Deaths per 100,000",
2017 Q3,3-month period,Influenza and pneumonia,Crude,12.0,"Deaths per 100,000",
2017 Q4,3-month period,Influenza and pneumonia,Crude,16.4,"Deaths per 100,000",*
2016 Q1,12 months ending with quarter,Influenza and pneumonia,Crude,16.1,"Deaths per 100,000",
2016 Q2,12 months ending with quarter,Influenza and pneumonia,Crude,16,"Deaths per 100,000",
2016 Q3,12 months ending with quarter,Influenza and pneumonia,Crude,15.9,"Deaths per 100,000",
2016 Q4,12 months ending with quarter,Influenza and pneumonia,Crude,15.9,"Deaths per 100,000",
2017 Q1,12 months ending with quarter,Influenza and pneumonia,Crude,17.0,"Deaths per 100,000",
2017 Q2,12 months ending with quarter,Influenza and pneumonia,Crude,16.9,"Deaths per 100,000",
2017 Q3,12 months ending with quarter,Influenza and pneumonia,Crude,16.8,"Deaths per 100,000",
2017 Q4,12 months ending with quarter,Influenza and pneumonia,Crude,17.1,"Deaths per 100,000",*
2016 Q1,3-month period,Influenza and pneumonia,Age-adjusted,17.7,"Deaths per 100,000",
2016 Q2,3-month period,Influenza and pneumonia,Age-adjusted,13.3,"Deaths per 100,000",
2016 Q3,3-month period,Influenza and pneumonia,Age-adjusted,10.4,"Deaths per 100,000",
2016 Q4,3-month period,Influenza and pneumonia,Age-adjusted,12.8,"Deaths per 100,000",
2017 Q1,3-month period,Influenza and pneumonia,Age-adjusted,21.1,"Deaths per 100,000",
2017 Q2,3-month period,Influenza and pneumonia,Age-adjusted,12.6,"Deaths per 100,000",
2017 Q3,3-month period,Influenza and pneumonia,Age-adjusted,10.0,"Deaths per 100,000",
2017 Q4,3-month period,Influenza and pneumonia,Age-adjusted,13.6,"Deaths per 100,000",*
2016 Q1,12 months ending with quarter,Influenza and pneumonia,Age-adjusted,13.7,"Deaths per 100,000",
2016 Q2,12 months ending with quarter,Influenza and pneumonia,Age-adjusted,13.6,"Deaths per 100,000",
2016 Q3,12 months ending with quarter,Influenza and pneumonia,Age-adjusted,13.5,"Deaths per 100,000",
2016 Q4,12 months ending with quarter,Influenza and pneumonia,Age-adjusted,13.5,"Deaths per 100,000",
2017 Q1,12 months ending with quarter,Influenza and pneumonia,Age-adjusted,14.4,"Deaths per 100,000",
2017 Q2,12 months ending with quarter,Influenza and pneumonia,Age-adjusted,14.2,"Deaths per 100,000",
2017 Q3,12 months ending with quarter,Influenza and pneumonia,Age-adjusted,14.1,"Deaths per 100,000",
2017 Q4,12 months ending with quarter,Influenza and pneumonia,Age-adjusted,14.3,"Deaths per 100,000",*
2016 Q1,3-month period,Kidney disease,Crude,17,"Deaths per 100,000",
2016 Q2,3-month period,Kidney disease,Crude,15.1,"Deaths per 100,000",
2016 Q3,3-month period,Kidney disease,Crude,14.1,"Deaths per 100,000",
2016 Q4,3-month period,Kidney disease,Crude,15.7,"Deaths per 100,000",
2017 Q1,3-month period,Kidney disease,Crude,17.2,"Deaths per 100,000",
2017 Q2,3-month period,Kidney disease,Crude,15.2,"Deaths per 100,000",
2017 Q3,3-month period,Kidney disease,Crude,14.1,"Deaths per 100,000",
2017 Q4,3-month period,Kidney disease,Crude,15.8,"Deaths per 100,000",
2016 Q1,12 months ending with quarter,Kidney disease,Crude,15.4,"Deaths per 100,000",
2016 Q2,12 months ending with quarter,Kidney disease,Crude,15.4,"Deaths per 100,000",
2016 Q3,12 months ending with quarter,Kidney disease,Crude,15.4,"Deaths per 100,000",
2016 Q4,12 months ending with quarter,Kidney disease,Crude,15.5,"Deaths per 100,000",
2017 Q1,12 months ending with quarter,Kidney disease,Crude,15.5,"Deaths per 100,000",
2017 Q2,12 months ending with quarter,Kidney disease,Crude,15.5,"Deaths per 100,000",
2017 Q3,12 months ending with quarter,Kidney disease,Crude,15.5,"Deaths per 100,000",
2017 Q4,12 months ending with quarter,Kidney disease,Crude,15.6,"Deaths per 100,000",
2016 Q1,3-month period,Kidney disease,Age-adjusted,14.5,"Deaths per 100,000",
2016 Q2,3-month period,Kidney disease,Age-adjusted,12.8,"Deaths per 100,000",
2016 Q3,3-month period,Kidney disease,Age-adjusted,12,"Deaths per 100,000",
2016 Q4,3-month period,Kidney disease,Age-adjusted,13.2,"Deaths per 100,000",
2017 Q1,3-month period,Kidney disease,Age-adjusted,14.5,"Deaths per 100,000",
2017 Q2,3-month period,Kidney disease,Age-adjusted,12.7,"Deaths per 100,000",
2017 Q3,3-month period,Kidney disease,Age-adjusted,11.7,"Deaths per 100,000",
2017 Q4,3-month period,Kidney disease,Age-adjusted,13.1,"Deaths per 100,000",
2016 Q1,12 months ending with quarter,Kidney disease,Age-adjusted,13.2,"Deaths per 100,000",
2016 Q2,12 months ending with quarter,Kidney disease,Age-adjusted,13.1,"Deaths per 100,000",
2016 Q3,12 months ending with quarter,Kidney disease,Age-adjusted,13.1,"Deaths per 100,000",
2016 Q4,12 months ending with quarter,Kidney disease,Age-adjusted,13.1,"Deaths per 100,000",
2017 Q1,12 months ending with quarter,Kidney disease,Age-adjusted,13.1,"Deaths per 100,000",
2017 Q2,12 months ending with quarter,Kidney disease,Age-adjusted,13.1,"Deaths per 100,000",
2017 Q3,12 months ending with quarter,Kidney disease,Age-adjusted,13.0,"Deaths per 100,000",
2017 Q4,12 months ending with quarter,Kidney disease,Age-adjusted,13.0,"Deaths per 100,000",
2016 Q1,3-month period,Parkinson's disease,Crude,9.4,"Deaths per 100,000",
2016 Q2,3-month period,Parkinson's disease,Crude,8.6,"Deaths per 100,000",
2016 Q3,3-month period,Parkinson's disease,Crude,8.8,"Deaths per 100,000",
2016 Q4,3-month period,Parkinson's disease,Crude,9.9,"Deaths per 100,000",
2017 Q1,3-month period,Parkinson's disease,Crude,10.7,"Deaths per 100,000",
2017 Q2,3-month period,Parkinson's disease,Crude,9.2,"Deaths per 100,000",
2017 Q3,3-month period,Parkinson's disease,Crude,9.0,"Deaths per 100,000",
2017 Q4,3-month period,Parkinson's disease,Crude,10.5,"Deaths per 100,000",*
2016 Q1,12 months ending with quarter,Parkinson's disease,Crude,8.6,"Deaths per 100,000",
2016 Q2,12 months ending with quarter,Parkinson's disease,Crude,8.8,"Deaths per 100,000",
2016 Q3,12 months ending with quarter,Parkinson's disease,Crude,8.9,"Deaths per 100,000",
2016 Q4,12 months ending with quarter,Parkinson's disease,Crude,9.2,"Deaths per 100,000",
2017 Q1,12 months ending with quarter,Parkinson's disease,Crude,9.5,"Deaths per 100,000",
2017 Q2,12 months ending with quarter,Parkinson's disease,Crude,9.6,"Deaths per 100,000",
2017 Q3,12 months ending with quarter,Parkinson's disease,Crude,9.7,"Deaths per 100,000",
2017 Q4,12 months ending with quarter,Parkinson's disease,Crude,9.8,"Deaths per 100,000",*
2016 Q1,3-month period,Parkinson's disease,Age-adjusted,8.3,"Deaths per 100,000",
2016 Q2,3-month period,Parkinson's disease,Age-adjusted,7.5,"Deaths per 100,000",
2016 Q3,3-month period,Parkinson's disease,Age-adjusted,7.6,"Deaths per 100,000",
2016 Q4,3-month period,Parkinson's disease,Age-adjusted,8.6,"Deaths per 100,000",
2017 Q1,3-month period,Parkinson's disease,Age-adjusted,9.2,"Deaths per 100,000",
2017 Q2,3-month period,Parkinson's disease,Age-adjusted,7.9,"Deaths per 100,000",
2017 Q3,3-month period,Parkinson's disease,Age-adjusted,7.7,"Deaths per 100,000",
2017 Q4,3-month period,Parkinson's disease,Age-adjusted,8.9,"Deaths per 100,000",*
2016 Q1,12 months ending with quarter,Parkinson's disease,Age-adjusted,7.6,"Deaths per 100,000",
2016 Q2,12 months ending with quarter,Parkinson's disease,Age-adjusted,7.7,"Deaths per 100,000",
2016 Q3,12 months ending with quarter,Parkinson's disease,Age-adjusted,7.8,"Deaths per 100,000",
2016 Q4,12 months ending with quarter,Parkinson's disease,Age-adjusted,8,"Deaths per 100,000",
2017 Q1,12 months ending with quarter,Parkinson's disease,Age-adjusted,8.2,"Deaths per 100,000",
2017 Q2,12 months ending with quarter,Parkinson's disease,Age-adjusted,8.3,"Deaths per 100,000",
2017 Q3,12 months ending with quarter,Parkinson's disease,Age-adjusted,8.3,"Deaths per 100,000",
2017 Q4,12 months ending with quarter,Parkinson's disease,Age-adjusted,8.4,"Deaths per 100,000",*
2016 Q1,3-month period,Pneumonitis due to solids and liquids,Crude,6.9,"Deaths per 100,000",
2016 Q2,3-month period,Pneumonitis due to solids and liquids,Crude,5.9,"Deaths per 100,000",
2016 Q3,3-month period,Pneumonitis due to solids and liquids,Crude,5.4,"Deaths per 100,000",
2016 Q4,3-month period,Pneumonitis due to solids and liquids,Crude,6.2,"Deaths per 100,000",
2017 Q1,3-month period,Pneumonitis due to solids and liquids,Crude,7.2,"Deaths per 100,000",
2017 Q2,3-month period,Pneumonitis due to solids and liquids,Crude,6.0,"Deaths per 100,000",
2017 Q3,3-month period,Pneumonitis due to solids and liquids,Crude,5.6,"Deaths per 100,000",
2017 Q4,3-month period,Pneumonitis due to solids and liquids,Crude,6.0,"Deaths per 100,000",
2016 Q1,12 months ending with quarter,Pneumonitis due to solids and liquids,Crude,6,"Deaths per 100,000",
2016 Q2,12 months ending with quarter,Pneumonitis due to solids and liquids,Crude,6,"Deaths per 100,000",
2016 Q3,12 months ending with quarter,Pneumonitis due to solids and liquids,Crude,6,"Deaths per 100,000",
2016 Q4,12 months ending with quarter,Pneumonitis due to solids and liquids,Crude,6.1,"Deaths per 100,000",
2017 Q1,12 months ending with quarter,Pneumonitis due to solids and liquids,Crude,6.2,"Deaths per 100,000",
2017 Q2,12 months ending with quarter,Pneumonitis due to solids and liquids,Crude,6.2,"Deaths per 100,000",
2017 Q3,12 months ending with quarter,Pneumonitis due to solids and liquids,Crude,6.2,"Deaths per 100,000",
2017 Q4,12 months ending with quarter,Pneumonitis due to solids and liquids,Crude,6.2,"Deaths per 100,000",
2016 Q1,3-month period,Pneumonitis due to solids and liquids,Age-adjusted,5.8,"Deaths per 100,000",
2016 Q2,3-month period,Pneumonitis due to solids and liquids,Age-adjusted,5,"Deaths per 100,000",
2016 Q3,3-month period,Pneumonitis due to solids and liquids,Age-adjusted,4.6,"Deaths per 100,000",
2016 Q4,3-month period,Pneumonitis due to solids and liquids,Age-adjusted,5.2,"Deaths per 100,000",
2017 Q1,3-month period,Pneumonitis due to solids and liquids,Age-adjusted,6.0,"Deaths per 100,000",
2017 Q2,3-month period,Pneumonitis due to solids and liquids,Age-adjusted,5.0,"Deaths per 100,000",
2017 Q3,3-month period,Pneumonitis due to solids and liquids,Age-adjusted,4.6,"Deaths per 100,000",
2017 Q4,3-month period,Pneumonitis due to solids and liquids,Age-adjusted,5.0,"Deaths per 100,000",
2016 Q1,12 months ending with quarter,Pneumonitis due to solids and liquids,Age-adjusted,5.1,"Deaths per 100,000",
2016 Q2,12 months ending with quarter,Pneumonitis due to solids and liquids,Age-adjusted,5.1,"Deaths per 100,000",
2016 Q3,12 months ending with quarter,Pneumonitis due to solids and liquids,Age-adjusted,5.1,"Deaths per 100,000",
2016 Q4,12 months ending with quarter,Pneumonitis due to solids and liquids,Age-adjusted,5.2,"Deaths per 100,000",
2017 Q1,12 months ending with quarter,Pneumonitis due to solids and liquids,Age-adjusted,5.2,"Deaths per 100,000",
2017 Q2,12 months ending with quarter,Pneumonitis due to solids and liquids,Age-adjusted,5.2,"Deaths per 100,000",
2017 Q3,12 months ending with quarter,Pneumonitis due to solids and liquids,Age-adjusted,5.2,"Deaths per 100,000",
2017 Q4,12 months ending with quarter,Pneumonitis due to solids and liquids,Age-adjusted,5.1,"Deaths per 100,000",
2016 Q1,3-month period,Septicemia,Crude,13.8,"Deaths per 100,000",
2016 Q2,3-month period,Septicemia,Crude,12.1,"Deaths per 100,000",
2016 Q3,3-month period,Septicemia,Crude,11.7,"Deaths per 100,000",
2016 Q4,3-month period,Septicemia,Crude,12.7,"Deaths per 100,000",
2017 Q1,3-month period,Septicemia,Crude,14.3,"Deaths per 100,000",
2017 Q2,3-month period,Septicemia,Crude,12.1,"Deaths per 100,000",
2017 Q3,3-month period,Septicemia,Crude,11.3,"Deaths per 100,000",
2017 Q4,3-month period,Septicemia,Crude,12.7,"Deaths per 100,000",
2016 Q1,12 months ending with quarter,Septicemia,Crude,12.5,"Deaths per 100,000",
2016 Q2,12 months ending with quarter,Septicemia,Crude,12.6,"Deaths per 100,000",
2016 Q3,12 months ending with quarter,Septicemia,Crude,12.6,"Deaths per 100,000",
2016 Q4,12 months ending with quarter,Septicemia,Crude,12.6,"Deaths per 100,000",
2017 Q1,12 months ending with quarter,Septicemia,Crude,12.7,"Deaths per 100,000",
2017 Q2,12 months ending with quarter,Septicemia,Crude,12.7,"Deaths per 100,000",
2017 Q3,12 months ending with quarter,Septicemia,Crude,12.6,"Deaths per 100,000",
2017 Q4,12 months ending with quarter,Septicemia,Crude,12.6,"Deaths per 100,000",
2016 Q1,3-month period,Septicemia,Age-adjusted,11.9,"Deaths per 100,000",
2016 Q2,3-month period,Septicemia,Age-adjusted,10.4,"Deaths per 100,000",
2016 Q3,3-month period,Septicemia,Age-adjusted,10,"Deaths per 100,000",
2016 Q4,3-month period,Septicemia,Age-adjusted,10.7,"Deaths per 100,000",
2017 Q1,3-month period,Septicemia,Age-adjusted,12.0,"Deaths per 100,000",
2017 Q2,3-month period,Septicemia,Age-adjusted,10.1,"Deaths per 100,000",
2017 Q3,3-month period,Septicemia,Age-adjusted,9.5,"Deaths per 100,000",
2017 Q4,3-month period,Septicemia,Age-adjusted,10.6,"Deaths per 100,000",
2016 Q1,12 months ending with quarter,Septicemia,Age-adjusted,10.8,"Deaths per 100,000",
2016 Q2,12 months ending with quarter,Septicemia,Age-adjusted,10.8,"Deaths per 100,000",
2016 Q3,12 months ending with quarter,Septicemia,Age-adjusted,10.8,"Deaths per 100,000",
2016 Q4,12 months ending with quarter,Septicemia,Age-adjusted,10.7,"Deaths per 100,000",
2017 Q1,12 months ending with quarter,Septicemia,Age-adjusted,10.7,"Deaths per 100,000",
2017 Q2,12 months ending with quarter,Septicemia,Age-adjusted,10.7,"Deaths per 100,000",
2017 Q3,12 months ending with quarter,Septicemia,Age-adjusted,10.6,"Deaths per 100,000",
2017 Q4,12 months ending with quarter,Septicemia,Age-adjusted,10.5,"Deaths per 100,000",*
2016 Q1,3-month period,Stroke,Crude,46.4,"Deaths per 100,000",
2016 Q2,3-month period,Stroke,Crude,42.7,"Deaths per 100,000",
2016 Q3,3-month period,Stroke,Crude,41.1,"Deaths per 100,000",
2016 Q4,3-month period,Stroke,Crude,45.7,"Deaths per 100,000",
2017 Q1,3-month period,Stroke,Crude,48.2,"Deaths per 100,000",
2017 Q2,3-month period,Stroke,Crude,43.4,"Deaths per 100,000",
2017 Q3,3-month period,Stroke,Crude,42.0,"Deaths per 100,000",
2017 Q4,3-month period,Stroke,Crude,46.5,"Deaths per 100,000",
2016 Q1,12 months ending with quarter,Stroke,Crude,43.4,"Deaths per 100,000",
2016 Q2,12 months ending with quarter,Stroke,Crude,43.6,"Deaths per 100,000",
2016 Q3,12 months ending with quarter,Stroke,Crude,43.6,"Deaths per 100,000",
2016 Q4,12 months ending with quarter,Stroke,Crude,44,"Deaths per 100,000",
2017 Q1,12 months ending with quarter,Stroke,Crude,44.4,"Deaths per 100,000",
2017 Q2,12 months ending with quarter,Stroke,Crude,44.6,"Deaths per 100,000",
2017 Q3,12 months ending with quarter,Stroke,Crude,44.8,"Deaths per 100,000",
2017 Q4,12 months ending with quarter,Stroke,Crude,45.0,"Deaths per 100,000",*
2016 Q1,3-month period,Stroke,Age-adjusted,39.6,"Deaths per 100,000",
2016 Q2,3-month period,Stroke,Age-adjusted,36.3,"Deaths per 100,000",
2016 Q3,3-month period,Stroke,Age-adjusted,34.8,"Deaths per 100,000",
2016 Q4,3-month period,Stroke,Age-adjusted,38.6,"Deaths per 100,000",
2017 Q1,3-month period,Stroke,Age-adjusted,40.5,"Deaths per 100,000",
2017 Q2,3-month period,Stroke,Age-adjusted,36.3,"Deaths per 100,000",
2017 Q3,3-month period,Stroke,Age-adjusted,35.0,"Deaths per 100,000",
2017 Q4,3-month period,Stroke,Age-adjusted,38.5,"Deaths per 100,000",
2016 Q1,12 months ending with quarter,Stroke,Age-adjusted,37.2,"Deaths per 100,000",
2016 Q2,12 months ending with quarter,Stroke,Age-adjusted,37.2,"Deaths per 100,000",
2016 Q3,12 months ending with quarter,Stroke,Age-adjusted,37.2,"Deaths per 100,000",
2016 Q4,12 months ending with quarter,Stroke,Age-adjusted,37.3,"Deaths per 100,000",
2017 Q1,12 months ending with quarter,Stroke,Age-adjusted,37.5,"Deaths per 100,000",
2017 Q2,12 months ending with quarter,Stroke,Age-adjusted,37.5,"Deaths per 100,000",
2017 Q3,12 months ending with quarter,Stroke,Age-adjusted,37.6,"Deaths per 100,000",
2017 Q4,12 months ending with quarter,Stroke,Age-adjusted,37.6,"Deaths per 100,000",
2016 Q1,3-month period,Suicide,Crude,13.8,"Deaths per 100,000",
2016 Q2,3-month period,Suicide,Crude,14.2,"Deaths per 100,000",
2016 Q3,3-month period,Suicide,Crude,14.5,"Deaths per 100,000",
2016 Q4,3-month period,Suicide,Crude,13.1,"Deaths per 100,000",
2017 Q1,3-month period,Suicide,Crude,13.7,"Deaths per 100,000",
2017 Q2,3-month period,Suicide,Crude,15.1,"Deaths per 100,000",
2017 Q3,3-month period,Suicide,Crude,15.0,"Deaths per 100,000",*
2017 Q4,3-month period,Suicide,Crude,,"Deaths per 100,000",
2016 Q1,12 months ending with quarter,Suicide,Crude,13.8,"Deaths per 100,000",
2016 Q2,12 months ending with quarter,Suicide,Crude,13.8,"Deaths per 100,000",
2016 Q3,12 months ending with quarter,Suicide,Crude,13.9,"Deaths per 100,000",
2016 Q4,12 months ending with quarter,Suicide,Crude,13.9,"Deaths per 100,000",
2017 Q1,12 months ending with quarter,Suicide,Crude,13.9,"Deaths per 100,000",
2017 Q2,12 months ending with quarter,Suicide,Crude,14.1,"Deaths per 100,000",
2017 Q3,12 months ending with quarter,Suicide,Crude,14.2,"Deaths per 100,000",*
2017 Q4,12 months ending with quarter,Suicide,Crude,,"Deaths per 100,000",
2016 Q1,3-month period,Suicide,Age-adjusted,13.4,"Deaths per 100,000",
2016 Q2,3-month period,Suicide,Age-adjusted,13.7,"Deaths per 100,000",
2016 Q3,3-month period,Suicide,Age-adjusted,14.1,"Deaths per 100,000",
2016 Q4,3-month period,Suicide,Age-adjusted,12.7,"Deaths per 100,000",
2017 Q1,3-month period,Suicide,Age-adjusted,13.2,"Deaths per 100,000",
2017 Q2,3-month period,Suicide,Age-adjusted,14.5,"Deaths per 100,000",
2017 Q3,3-month period,Suicide,Age-adjusted,14.5,"Deaths per 100,000",*
2017 Q4,3-month period,Suicide,Age-adjusted,,"Deaths per 100,000",
2016 Q1,12 months ending with quarter,Suicide,Age-adjusted,13.4,"Deaths per 100,000",
2016 Q2,12 months ending with quarter,Suicide,Age-adjusted,13.3,"Deaths per 100,000",
2016 Q3,12 months ending with quarter,Suicide,Age-adjusted,13.4,"Deaths per 100,000",
2016 Q4,12 months ending with quarter,Suicide,Age-adjusted,13.5,"Deaths per 100,000",
2017 Q1,12 months ending with quarter,Suicide,Age-adjusted,13.4,"Deaths per 100,000",
2017 Q2,12 months ending with quarter,Suicide,Age-adjusted,13.7,"Deaths per 100,000",
2017 Q3,12 months ending with quarter,Suicide,Age-adjusted,13.8,"Deaths per 100,000",*
2017 Q4,12 months ending with quarter,Suicide,Age-adjusted,,"Deaths per 100,000",
2016 Q1,3-month period,Unintentional injuries,Crude,47.9,"Deaths per 100,000",
2016 Q2,3-month period,Unintentional injuries,Crude,49,"Deaths per 100,000",
2016 Q3,3-month period,Unintentional injuries,Crude,51.2,"Deaths per 100,000",
2016 Q4,3-month period,Unintentional injuries,Crude,51.8,"Deaths per 100,000",
2017 Q1,3-month period,Unintentional injuries,Crude,52.1,"Deaths per 100,000",
2017 Q2,3-month period,Unintentional injuries,Crude,51.7,"Deaths per 100,000",
2017 Q3,3-month period,Unintentional injuries,Crude,51.7,"Deaths per 100,000",
2017 Q4,3-month period,Unintentional injuries,Crude,,"Deaths per 100,000",
2016 Q1,12 months ending with quarter,Unintentional injuries,Crude,46.5,"Deaths per 100,000",
2016 Q2,12 months ending with quarter,Unintentional injuries,Crude,47.6,"Deaths per 100,000",
2016 Q3,12 months ending with quarter,Unintentional injuries,Crude,48.6,"Deaths per 100,000",
2016 Q4,12 months ending with quarter,Unintentional injuries,Crude,49.9,"Deaths per 100,000",
2017 Q1,12 months ending with quarter,Unintentional injuries,Crude,51.2,"Deaths per 100,000",
2017 Q2,12 months ending with quarter,Unintentional injuries,Crude,51.8,"Deaths per 100,000",
2017 Q3,12 months ending with quarter,Unintentional injuries,Crude,51.9,"Deaths per 100,000",*
2017 Q4,12 months ending with quarter,Unintentional injuries,Crude,,"Deaths per 100,000",
2016 Q1,3-month period,Unintentional injuries,Age-adjusted,45.3,"Deaths per 100,000",
2016 Q2,3-month period,Unintentional injuries,Age-adjusted,46.6,"Deaths per 100,000",
2016 Q3,3-month period,Unintentional injuries,Age-adjusted,48.7,"Deaths per 100,000",
2016 Q4,3-month period,Unintentional injuries,Age-adjusted,49.1,"Deaths per 100,000",
2017 Q1,3-month period,Unintentional injuries,Age-adjusted,49.4,"Deaths per 100,000",
2017 Q2,3-month period,Unintentional injuries,Age-adjusted,49.1,"Deaths per 100,000",
2017 Q3,3-month period,Unintentional injuries,Age-adjusted,49.0,"Deaths per 100,000",
2017 Q4,3-month period,Unintentional injuries,Age-adjusted,,"Deaths per 100,000",
2016 Q1,12 months ending with quarter,Unintentional injuries,Age-adjusted,44,"Deaths per 100,000",
2016 Q2,12 months ending with quarter,Unintentional injuries,Age-adjusted,45.1,"Deaths per 100,000",
2016 Q3,12 months ending with quarter,Unintentional injuries,Age-adjusted,46.1,"Deaths per 100,000",
2016 Q4,12 months ending with quarter,Unintentional injuries,Age-adjusted,47.4,"Deaths per 100,000",
2017 Q1,12 months ending with quarter,Unintentional injuries,Age-adjusted,48.6,"Deaths per 100,000",
2017 Q2,12 months ending with quarter,Unintentional injuries,Age-adjusted,49.2,"Deaths per 100,000",
2017 Q3,12 months ending with quarter,Unintentional injuries,Age-adjusted,49.2,"Deaths per 100,000",*
2017 Q4,12 months ending with quarter,Unintentional injuries,Age-adjusted,,"Deaths per 100,000",
